{"loss": 1.8008221362499481, "accuracy": 0.12758737699355277, "f1_macro": 0.06881898295652789, "f1_weighted": 0.07469524026739091, "precision_macro": 0.049167510253257156, "recall_macro": 0.11748236979786524, "specificity_macro": 0.8223240237221835, "auc_macro": 0.31792161656828194, "per_class_f1": [0.0, 0.0, 0.0, 0.0, 0.3215780035863718, 0.09133589415279555], "per_class_precision": [0.0, 0.0, 0.0, 0.0, 0.2357581069237511, 0.0592469545957918], "per_class_recall": [0.0, 0.0, 0.0, 0.0, 0.5056390977443609, 0.19925512104283055], "per_class_auc": [0.22835231834274358, 0.281963323489362, 0.23433583959899754, 0.7965790582272434, 0.0733635330562431, 0.29293562669510187], "per_class_support": [496, 471, 420, 491, 532, 537], "confusion_matrix": [[0, 0, 0, 0, 0, 496], [0, 0, 0, 0, 0, 471], [0, 0, 0, 0, 0, 420], [0, 0, 0, 0, 442, 49], [0, 0, 0, 0, 269, 263], [0, 0, 0, 0, 430, 107]], "num_samples": 2947, "num_classes": 6, "round": 0, "type": "global", "timestamp": "2026-06-25T04:07:50.786897", "superclass_names": ["WALKING", "WALKING_UPSTAIRS", "WALKING_DOWNSTAIRS", "SITTING", "STANDING", "LAYING"], "optimal_thresholds": [0.5, 0.5, 0.5, 0.5, 0.5, 0.5], "blockchain_blocks": 4377, "round_wall_time_s": 1782342470.79, "model_payload_bytes": 3420320, "variant": "baseline", "ipfs_cids": {"model_cid": "QmPS1WdfLQqSk3wtF6KWwwn4NncTSBEGzYE9sK58yUYB3K", "metrics_cid": "QmeXUsXKJDHKDQXbqMj2AYKYLDEMnPJvBCHnPRPXVzdViE"}}
